Stop Name,Area,Category,Deal / Discount,Description,Duration,Place,Price Range
Høyt & Lavt Climbing Park,Kristiansand,Family Fun,Group discount 4+ people,"Treetop rope course with 8 trails at different heights. Zip-lines, balance elements, and children's courses.",2 hours,Høyt & Lavt Kristiansand,Mid-range
Hamresanden Beach,Kristiansand,Beach & Coastal,Free entry,"Long sandy beach east of Kristiansand. Shallow water, great for families. Beach volleyball, kiosk, and free parking.",Half day,Hamresanden,Free
Kilden Performing Arts Centre,Kristiansand,Culture,Student tickets available,"Kristiansand's cultural flagship — theatre, opera, concerts, and exhibitions. Stunning waterfront architecture.",2 hours,Kilden,Mid-range
Kristiansand Dyrepark,Kristiansand,Family Fun,Family day pass 15% off via partner link,"Zoo, Kardemomme By, Kaptein Sabeltann theme world, and water park. Norway's most visited family attraction outside Oslo.",Full day,Kristiansand Dyrepark,Mid-range
Archipelago Kayaking,Kristiansand,Water Sports,10% off guided tour with booking code,"Guided or self-guided kayaking through Kristiansand's skjærgård. Sheltered islands, seals, and coastal wildlife.",Half day,Kristiansand Skjærgård,Mid-range
Båneheia & Ravnedalen,Kristiansand,Hiking,Free hiking — concert tickets separate,"Twin nature areas above the city centre. Forest trails, swimming lakes, and Ravnedalen's botanical amphitheatre with summer concerts.",2 hours,Båneheia,Free
Posebyen Old Town,Kristiansand,Culture,Free self-guided walk,"Northern Europe's largest collection of low wooden houses. Galleries, cafés, and Christmas markets in season.",1 hour,Posebyen,Free
Odderøya Island,Kristiansand,Culture,Free access — events priced separately,"Former military island turned culture hub. Outdoor concerts, art galleries, swimming spots, and coastal trails.",Half day,Odderøya,Free
Bystranda City Beach,Kristiansand,Beach & Coastal,Free entry,"Urban beach in the heart of Kristiansand. Walking distance from downtown, boardwalk cafés, and swimming.",2 hours,Bystranda,Free
Lindesnes Lighthouse,Mandal & Lindesnes,Culture,15% off guided tour with partner code,"Norway's southernmost point and oldest lighthouse site. Museum, coastal walks, and the dramatic meeting of North Sea and Skagerrak.",2 hours,Lindesnes Fyr,Budget
Sjøsanden Beach,Mandal & Lindesnes,Beach & Coastal,Free entry,"Mandal's famous white sand beach — one of Norway's best. Shallow, warm water (by Norwegian standards), dunes, and a promenade.",Half day,Sjøsanden,Free
Mandal River Salmon Fishing,Mandal & Lindesnes,Water Sports,Day permit discount via agency booking,One of Norway's premier salmon rivers. Season runs June–September. Guided fly fishing available for all skill levels.,Full day,Mandalselva,Mid-range
Mandal Town Walk,Mandal & Lindesnes,Culture,Free self-guided walk,"Charming wooden town centre with galleries, craft shops, and the old church. Norway's southernmost town with a Mediterranean feel in summer.",1 hour,Mandal Sentrum,Free
Hove Beach & Camping,Arendal & Grimstad,Beach & Coastal,Camping discount with early booking,"Tromøya island's main beach — sand, rocks, forest trails, and camping. Popular summer destination with concert venue.",Full day,Hove,Budget
Grimstad — Ibsen's Town,Arendal & Grimstad,Culture,Museum entry discount for groups,"Where young Ibsen worked as a pharmacy apprentice. The Ibsen Museum, charming town centre, and a vibrant summer atmosphere.",2 hours,Grimstad,Budget
Tyholmen Old Town,Arendal & Grimstad,Culture,Free walking — seasonal guided tours,"Arendal's historic wooden quarter on a peninsula. White-painted merchant houses, narrow streets, galleries, and harbour restaurants.",1 hour,Tyholmen,Free
Merdø Island,Arendal & Grimstad,Beach & Coastal,Ferry included in Arendal day-pass,"Car-free island outside Arendal. Historic pilot station, swimming coves, and coastal paths. Ferry from Arendal harbour.",Half day,Merdø,Budget
Canal Street Festival,Arendal & Grimstad,Culture,Early-bird ticket deal via partner,"Arendal's annual jazz and blues festival along the canal. Live stages, food stalls, and a packed town centre every July.",Full day,Canal Street,Mid-range
Arendal Archipelago Kayaking,Arendal & Grimstad,Water Sports,10% off half-day guided tour,"Paddle through sheltered sounds between Tromøya, Hisøy, and the outer islands. Seal colonies, bird life, and hidden beaches.",Half day,Arendal Skjærgård,Mid-range
Setesdal Rock Climbing,Setesdal,Extreme Sports,Guided climb intro course discount,Granite walls around Valle and Bykle. Multi-pitch sport routes and bouldering. One of southern Norway's best climbing areas.,Half day,Valle Climbing,Mid-range
Mineral Park & Gem Mining,Setesdal,Family Fun,Family ticket deal via agency,"Evje is Norway's mineral capital. Pan for gems, visit the mineral museum, and explore old mines. Great for kids.",Half day,Setesdal Mineral Park,Budget
Setesdal Rafting — Otra River,Setesdal,Water Sports,Group rate for 4+ people,White-water rafting on the Otra from Evje. Class II–III rapids surrounded by forested valley. Suitable for beginners and families.,Half day,TrollAktiv Evje,Mid-range
Setesdal Folk Culture — Rysstad,Setesdal,Culture,Guided craft demo included in museum entry,"Traditional Setesdal bunad craftsmanship, silver jewelry, and folk music. The Setesdalsmuseet preserves valley heritage.",2 hours,Setesdalsmuseet,Budget
Hovden Ski Resort,Setesdal,Winter / Seasonal,Lift pass discount with agency booking,"Agder's main alpine ski area at the top of Setesdal. Downhill, cross-country, and snow park. Also summer hiking base.",Full day,Hovden Alpinsenter,Mid-range
Setesdal Valley Drive (RV9),Setesdal,Scenic Drives,Free scenic drive — stops priced individually,"The full valley drive from Kristiansand to Hovden — 200 km of river gorges, stave churches, silver mines, and mountain farms.",Full day,RV9 Setesdal,Free
Brufjell Sea Caves,Flekkefjord & Lista,Hiking,Free — outdoor attraction,Dramatic sea-carved caves and rock formations along the coast near Flekkefjord. Short hike from parking to the caves.,1 hour,Brufjell,Free
Aquarama Water Park,Kristiansand,Family Fun,Day pass discount via partner booking,"Indoor/outdoor water park and sports centre on the Kristiansand waterfront. Slides, wave pool, diving tower, and spa.",Half day,Aquarama,Mid-range
Blindleia Kayak Route,Kristiansand,Water Sports,Kayak rental + route map bundle,Paddle the sheltered inner waterway from Lillesand towards Kristiansand. Historic trading route between islands and skerries.,Full day,Blindleia,Mid-range
Lista Bird Observatory,Flekkefjord & Lista,Wildlife,Free hides — guided walks at partner rate,"One of Norway's premier birding sites. Migrating raptors, waders, and seabirds. Open hides and guided walks in season.",Half day,Lista Fuglestasjon,Free
Farsund Coastal Trail,Lyngdal & Farsund,Hiking,Free hiking,"Walk the dramatic coastline from Farsund towards Lista lighthouse. Windswept heathland, war bunkers, and open ocean views.",2 hours,Lista Fyr,Free
Kristiansand Golfklubb,Kristiansand,Golf,Green fee discount with agency code,"18-hole parkland course at Kjevik. Well-maintained, scenic, and open to visitors. Pro shop and restaurant on site.",Half day,Kristiansand Golfklubb,Mid-range
Flekkefjord — Hollenderbyen,Flekkefjord & Lista,Culture,Free self-guided heritage walk,"The Dutch Town — 17th-century timber quarter built during the lumber trade with Holland. Narrow streets, white houses, galleries.",1 hour,Hollenderbyen,Free
Lyngdal Fun Park,Lyngdal & Farsund,Family Fun,All-day wristband deal via agency,"Go-kart, mini golf, trampolines, and bumper boats. Family entertainment hub between Kristiansand and Flekkefjord.",Half day,Lyngdal Fun Park,Mid-range
Tømmerenna Heritage Trail,Vennesla & Åseral,Hiking,Free — outdoor trail,Walk along the historic timber flume — one of Vennesla's most popular hiking routes. Easy trail through forest and along the river.,2 hours,Tømmerenna,Free
Bortelid Ski Resort,Vennesla & Åseral,Winter / Seasonal,Lift pass deal via agency,"Alpine and cross-country skiing in Åseral. Family-friendly slopes, groomed trails, and cabin accommodation in the mountains.",Full day,Bortelid Alpinsenter,Mid-range
Juvet Bungy,Vennesla & Åseral,Extreme Sports,Group booking discount,Bungee jumping from a bridge in Vennesla. One of southern Norway's most accessible adrenaline kicks.,1 hour,Juvet Bungy,Mid-range
Ljosland Hiking & Skiing,Vennesla & Åseral,Hiking,Free hiking trails,"Mountain village in Åseral with marked hiking trails in summer and ski centre in winter. Quiet, scenic, and far from the coast.",Half day,Ljosland,Free
Lake Øre Fishing,Vennesla & Åseral,Water Sports,Fishing permit via agency booking,Freshwater fishing in Åseral's mountain lakes. Trout and char in peaceful surroundings. Boat rental and permits available locally.,Half day,Lake Øre,Budget
Setesdalsbanen Steam Railway,Vennesla & Åseral,Culture,Family ticket available,Heritage narrow-gauge steam train from Vennesla. Ride a restored 1890s locomotive through the Otra valley. Museum and café at the station.,2 hours,Setesdalsbanen,Budget
Vennesla Library & Cultural Centre,Vennesla & Åseral,Culture,Free entry,"Award-winning architectural landmark with dramatic wooden rib ceiling. Library, café, cinema, and community hub — a must-see building.",1 hour,Kulturhuset Vennesla,Free
Sørlandsbadet Water Park,Lyngdal & Farsund,Family Fun,Day pass discount via partner,"Major indoor water park in Lyngdal with slides, wave pool, wellness area, and outdoor pools in summer. One of southern Norway's biggest.",Half day,Sørlandsbadet,Mid-range
Havika Beach,Lyngdal & Farsund,Beach & Coastal,Free entry,Sandy beach near Farsund with views towards Lista. Sheltered and family-friendly with free access.,Half day,Havika,Free
Farsund Badehus & Outdoor Sauna,Lyngdal & Farsund,Beach & Coastal,Booking discount via agency,Historic public bathhouse turned outdoor sauna experience on the waterfront. One of Norway's most scenic sauna locations.,2 hours,Farsund Badehus,Budget
Skrelia Waterfall Hike,Lyngdal & Farsund,Hiking,Free — outdoor trail,Spectacular waterfall near Lyngdal with a short hike from parking. Combine with the Sandvatnet loop trail for a longer walk.,2 hours,Skrelia,Free
Kvåsfossen Wild Salmon Centre,Lyngdal & Farsund,Wildlife,Group entry discount,"National centre for wild Atlantic salmon at a dramatic waterfall. Watch salmon leap the falls, learn about conservation, and explore exhibits.",2 hours,Kvåsfossen,Budget
D/S Bjoren Steamboat — Byglandsfjord,Setesdal,Culture,Partner rate for round trip,Cruise Byglandsfjord on a restored 1866 steamboat. Scenic lake ride through the valley with stops at historic landings.,2 hours,Byglandsfjord,Mid-range
Byglandsfjord Fishing & Canoeing,Setesdal,Water Sports,Canoe + fishing permit bundle,Fish for trout and perch or paddle the long lake between forested hillsides. Boat and canoe rental at several points along the shore.,Half day,Byglandsfjord,Budget
Setesdal Cycling — National Route 3,Setesdal,Cycling,Bike rental available in Evje,"Cycle through the valley on National Bike Route 3. Flat river stretches, quiet roads, and stunning mountain backdrop. Evje to Hovden.",Full day,National Route 3 Setesdal,Budget
Elk & Beaver Safari — Evje,Setesdal,Wildlife,Group rate for 4+ people,Guided evening safari to spot moose and beaver in the Setesdal forests. Run by Viking Adventures from Evje. Family-friendly.,Half day,Viking Adventures,Mid-range
Via Ferrata Setesdal,Setesdal,Extreme Sports,Guided climb discount via agency,Northern Europe's longest via ferrata near Valle. Iron-rung climbing route on granite cliffs with stunning valley views. Guided trips available.,Half day,Via Ferrata Setesdal,Mid-range
Raet National Park,Arendal & Grimstad,Hiking,Free — national park,"Coastal national park stretching from Arendal to Grimstad. Unique geology, hiking trails, birdwatching, and beaches on the Ra moraine.",Half day,Raet Nasjonalpark,Free
Møvik Fortress — Kanonmuseet,Kristiansand,Culture,Student/group discount,"WWII German coastal fortress with one of the world's largest cannons. Museum, bunker tours, and coastal walks with ocean views.",2 hours,Kanonmuseet,Budget
Grimstad Archipelago,Arendal & Grimstad,Beach & Coastal,Boat taxi discount for groups,"Island-hop through one of Norway's sunniest archipelagos. Swimming rocks, sheltered bays, and boat access from Grimstad harbour.",Full day,Grimstad Skjærgård,Budget
Palmesus Festival,Kristiansand,Culture,Early-bird tickets via partner link,"Scandinavia's largest beach music festival, held every summer on Bystranda in Kristiansand. EDM, pop, and hip-hop on the sand.",Full day,Palmesus,Premium
Lysevegen Scenic Drive to Lysebotn,Sirdal,Scenic Drives,Free drive — toll road in season,27 hairpin bends dropping 900m to Lysebotn at the end of Lysefjorden. One of Norway's most dramatic mountain roads. Opens summer only.,Half day,Lysevegen,Budget
Sirdal Fishing & Lake Activities,Sirdal,Water Sports,Fishing permit via agency booking,"Mountain lake fishing for trout in Sirdal's highland lakes. Boat rental, permits, and canoeing on calm water surrounded by open mountain terrain.",Half day,Sirdal Lakes,Budget
Sirdal Mountain Hiking — Sinnes,Sirdal,Hiking,Free trails — DNT cabin membership for overnight,"Varied mountain trails from Sinnes and Fidjeland. Lake loops, ridge walks, and open plateau landscape. DNT-marked routes with cabin access.",Full day,Sinnes,Free
Sirdal Fjellpark — Ski Resort,Sirdal,Winter / Seasonal,Lift pass deal via agency,"Southwest Norway's largest ski resort. 8 lifts, 21 slopes, 2 children's areas, and snow cannons guaranteeing conditions into April. Night skiing available.",Full day,Sirdal Fjellpark,Mid-range
Rafoss Waterfall,Flekkefjord & Lista,Hiking,Free — outdoor attraction,Impressive waterfall in Kvinesdal accessible by a short drive and walk. Scenic spot in the Kvina valley.,30 min,Rafoss,Free
Knaben Mining Museum & Mine Walk,Flekkefjord & Lista,Culture,Group entry discount,"WWII-era molybdenum mining village. Guided walks through historic mine tunnels, preserved rooms, and war history exhibits. Perhaps Norway's most unique mine experience.",2 hours,Knaben Gruvemuseum,Budget
Krågeland Alpinsenter,Flekkefjord & Lista,Winter / Seasonal,Family lift pass deal,Family-friendly alpine skiing in Kvinesdal with a cozy café and occasional après-ski with live music.,Half day,Krågeland Alpinsenter,Budget
Kvina Salmon River,Flekkefjord & Lista,Water Sports,Day permit via agency,Historic salmon fishing river in Kvinesdal. Permits available for fly fishing in scenic valley surroundings.,Full day,Kvina,Mid-range
Utsikten Golfpark,Flekkefjord & Lista,Golf,Green fee discount with agency code,"Golf course in Kvinesdal with panoramic mountain views. Open to visitors, pro shop, and restaurant.",Half day,Utsikten Golfpark,Mid-range
Knaben Via Ferrata,Flekkefjord & Lista,Extreme Sports,Guided climb discount,"Mountain climbing trail with fixed iron rungs and cables in the Knaben mountain landscape. Safe, spectacular, and accessible with a guide.",Half day,Knaben Via Ferrata,Mid-range
Birkenes Summit Hikes — 28 Viewpoints,Lillesand & Birkenes,Hiking,Free — outdoor challenge,Summit box challenge across 28 viewpoints in Birkenes. Find markers placed at scenic peaks and ridges throughout the municipality's wilderness.,Half day,Birkenes,Free
Lillesand Coastal Kayak Tour,Lillesand & Birkenes,Water Sports,10% off guided tour via partner,"Guided kayaking through Lillesand's beautiful archipelago. Explore Norway's southern coast from the water — hidden bays, islands, and wildlife.",Half day,Lillesand Kayak,Mid-range
Kjerlingland Horse & Activity Farm,Lillesand & Birkenes,Family Fun,Family booking discount,"Horse riding and farm activities for families near Lillesand. Pony rides, farm animals, and guided trail rides in the countryside.",Half day,Kjerlingland,Mid-range
Lillesand Town & Harbour,Lillesand & Birkenes,Culture,Free town walk,"Idyllic white wooden town with galleries, niche shops, cafés, and a charming guest harbour. The Kassen canal is a local landmark.",2 hours,Lillesand,Free
Risør Archipelago & Hiking,Østre Agder,Beach & Coastal,Boat taxi group discount,"Island-hopping, swimming rocks, and coastal hiking trails around Risør. Boat access to outer islands with sheltered swimming spots.",Full day,Risør Skjærgård,Budget
Tvedestrand — Book Town,Østre Agder,Culture,Free town walk,"Charming coastal town known as Norway's Book Town. Second-hand bookshops, art galleries, and a scenic harbour with white wooden houses.",2 hours,Tvedestrand,Free
Gjerstad — Forest & Lake Trails,Østre Agder,Hiking,Free trails,Quiet inland municipality with forest hiking and lake fishing. Multiple marked trails through Gjerstad's wooded hills.,Half day,Gjerstad,Free
Froland Verk — Historic Ironworks,Østre Agder,Culture,Free outdoor site,"Preserved 18th-century ironworks village in Froland. Industrial heritage, walking trails, and a window into inland Agder's mining past.",1 hour,Froland Verk,Free
Rjukanfossen Waterfall — Åmli,Østre Agder,Hiking,Free — outdoor attraction,Spectacular waterfall in Åmli municipality. Accessible trail through inland Agder forest. A hidden gem far from the coast.,2 hours,Rjukanfossen,Free
Risør — The White Town,Østre Agder,Culture,Free town walk — festival tickets seasonal,"Pristine white wooden town on the Skagerrak coast. Galleries, cafés, the annual Wooden Boat Festival, and one of Norway's best-preserved coastal towns.",Half day,Risør,Free
Vegårshei Hiking & Lakes,Østre Agder,Hiking,Free trails,"Inland hiking trails through forest and lake landscape in Vegårshei. Quiet, scenic, and off the tourist track. Multiple marked routes.",Half day,Vegårshei,Free
Trogfjell Mountain Hike — Åmli,Østre Agder,Hiking,Free hiking,"Trail from Amfoss bridge (one of Northern Europe's longest stone bridges) to the Trogfjell summit. 1.6 km one way, not demanding, with panoramic views.",2 hours,Trogfjell,Free
Mandal Town & Historical Walk,Mandal & Lindesnes,Culture,Free town walk,"Norway's southernmost town with white wooden houses, narrow streets, galleries, and a lively harbour. Self-guided historical walk through the old centre.",2 hours,Mandal Sentrum,Free
Sjølingstad Uldvarefabrik,Mandal & Lindesnes,Culture,Group entry discount,"National textile museum in a preserved 1894 wool factory. Living museum with original machinery, dye house, spinning mill, and power station. National monument.",2 hours,Sjølingstad Uldvarefabrik,Budget
Furulunden Nature Park,Mandal & Lindesnes,Family Fun,Free entry,"Large coastal pine forest park with playgrounds, walking trails, and water play areas. Right next to Sjøsanden — families can easily spend a full day here.",Half day,Furulunden,Free
Uranienborg Viewpoint,Mandal & Lindesnes,Hiking,Free trail,"Short scenic hike to one of Mandal's best viewpoints. Overlooks the town, coastline, and Sjøsanden. Easy trail suitable for families.",1 hour,Uranienborg,Free
Sjøsanden Beach,Mandal & Lindesnes,Beach & Coastal,Free public beach,"Mandal's famous 800m city beach — one of Norway's best. Fine white sand, shallow water, and close to town centre. Perfect for families.",Half day,Sjøsanden,Free
Mandal Sea Kayaking,Mandal & Lindesnes,Water Sports,Tour booking discount,Kayaking along Mandal's coastline and nearby islands. Guided tours and rental available. Sheltered waters around Skjernøy and the archipelago.,Half day,Mandal Kayak,Mid-range
Skjernøy Island Loop Hike,Mandal & Lindesnes,Hiking,Free trail,"Top-rated coastal loop hike on Skjernøy island near Mandal. 4.7★ on AllTrails. Rugged coastline, ocean views, and accessible by bridge.",Half day,Skjernøy,Free
Mandal Golf Club,Mandal & Lindesnes,Golf,Green fee discount,18-hole golf course in Mandal with views of the surrounding countryside. Open to visitors with green fee.,Half day,Mandal Golfklubb,Mid-range
Mandal Via Ferrata & Rafting,Mandal & Lindesnes,Extreme Sports,Combo activity discount via agency,"Adventure Norway offers Via Ferrata climbing, rafting on the Mandalselva river, rappelling, kayak courses, paintball, and even moose safaris. Multi-activity hub.",Half day,Adventure Norway,Mid-range
Mandalselva River Fishing,Mandal & Lindesnes,Water Sports,Day permit via agency,One of Southern Norway's best salmon rivers running through Mandal. Fly fishing permits available. Season June–September.,Full day,Mandalselva,Mid-range
Tregde Boat Rental & Islands,Mandal & Lindesnes,Water Sports,Boat rental deal via agency,"Rent a boat from Tregde Ferie and explore the outer archipelago south of Mandal. Island hopping, fishing, and secluded swimming spots.",Full day,Tregde,Mid-range
Hike to Duefjell — Spangereid,Mandal & Lindesnes,Hiking,Free trail,Inland hike from Spangereid to the Duefjell summit. Forest and heath landscape with views over the Lindesnes coastline. Moderate trail.,2 hours,Duefjell,Free
Child Wanderer Path — Snartemo,Mandal & Lindesnes,Hiking,Free trail — self-guided,Historic trail retracing the routes of 19th-century child labourers sent across the valleys. Starts at Snartemo in Hægebostad. Cultural and scenic hiking.,Full day,Snartemo,Free
Tingvatn Fornminnepark — Heritage Park,Mandal & Lindesnes,Culture,Event entry deals,"Ancient heritage park in Hægebostad. Historical craftsmanship demonstrations, courses, and events. Iron Age and Viking-era archaeology in a scenic valley setting.",2 hours,Tingvatn,Budget
Fjellstien Coastal Hike — Lindesnes,Mandal & Lindesnes,Hiking,Free trail,"Exceptional coastal hiking trail at Lindesnes, taking you along dramatic cliffs to Norway's southernmost point. Wind, waves, and lighthouse views.",2 hours,Fjellstien Lindesnes,Free